duration,p99_latency,mean_latency
2000,4.331009054896941,0.9642176154821984
5000,11.491510171165128,1.27413483083317
10000,8.817811376182362,1.2750161244235625
20000,12.124572311798435,1.4688586901723655
50000,12.213950926993595,1.5068741475520746
