,mean,std,ci_lower,ci_upper
mean_wait,0.02455598528308241,0.001211657800330923,0.02398891197687648,0.02512305858928834
mean_response,0.10795025773591453,0.0013227803098378348,0.10733117749438183,0.10856933797744724
p95_response,0.2923068787320542,0.0036640099258006646,0.29059206930151393,0.29402168816259444
p99_response,0.4300487698038219,0.0056941466019030775,0.4273838271618643,0.4327137124457795
throughput,100.0309994772558,0.19272669357333758,99.94080060816181,100.1211983463498
