ordering_mode,mean_latency,p95_latency,throughput
in_order,98.83456658604058,169.07150043774655,179.7711111111111
out_of_order,98.87503758229938,169.23724356890585,179.7711111111111
