ordering_mode,mean_latency,p95_latency,throughput
in_order,257.09019479978235,444.3892207450382,17.913333333333334
out_of_order,257.0873186957041,444.41788113898315,17.913333333333334
