ordering_mode,mean_latency,p95_latency,throughput
in_order,98.82423480959793,170.64458558819217,179.7711111111111
out_of_order,98.95296746100264,169.1530179355638,179.7711111111111
