Mode,P99_Latency_ms,Mean_Latency_ms
Out-of-Order,55.80122389683942,20.490389843202998
In-Order,56.12155512813076,20.579692633584447
