replication_factor,success_rate,throughput,total_stored,unique_messages
1,0.03669460971887373,3.6866666666666665,48405,48405
2,0.09078237012124966,9.117777777777778,95690,47845
3,0.17875992371490665,17.913333333333334,141069,47023
