replication_factor,success_rate,throughput,total_stored,unique_messages
1,0.3587194007223436,35.75555555555555,31960,31960
2,0.9055662698676598,90.78,52430,26215
3,1.7998709562586215,179.7711111111111,53715,17905
