replication_factor,success_rate,throughput,total_stored,unique_messages
1,0.3611092519465453,35.96888888888889,31854,31854
2,0.9011358855700463,90.44,52826,26413
3,1.7998709562586215,179.7711111111111,53735,17911
