visibility_timeout,success_rate,mean_latency,p99_latency,mean_retries,throughput
10,1.6166556510244547,51.081621608430765,154.1031899326777,0.06963750340692287,16.30666666666667
30,1.6064558921070087,38.70951582890814,128.88641357051853,0.042939719240297276,16.14666666666667
60,1.6593159315931594,35.875637663516535,172.57040197472642,0.047328451315432604,16.386666666666667
120,1.6432577967242539,39.02255721579889,201.1659296965376,0.03399781540141999,16.275555555555556
