visibility_timeout,success_rate,mean_latency,p99_latency,mean_retries,throughput
10,0.0036616950969009555,287.7891700945718,492.4981564492731,0.0,0.18222222222222223
30,0.0032598017326069483,263.7259498782713,496.239728371162,0.0,0.1622222222222222
60,0.0026324008387989114,280.9948486780147,483.70396254548757,0.0,0.13111111111111112
120,0.003305785123966942,274.6423078887667,491.12830087814586,0.0,0.16444444444444445
