visibility_timeout,success_rate,mean_latency,p99_latency,mean_retries,throughput
10,1.5738599170848788,51.487778770310804,156.08931736882698,0.07112158602523222,16.02888888888889
30,1.6253602305475505,33.152363851036306,133.97124357725875,0.05646481178396072,16.293333333333333
60,1.629490022172949,44.62417465694016,180.1812202970187,0.045176214450945704,16.33111111111111
120,1.6829100892244337,36.988475223268836,222.41341148078772,0.03969548667754214,16.346666666666668
